Symbol,Date,EntryPrice,StopLoss,TakeProfit,PositionSize,ExitPrice,Outcome,PnL,BarsHeld
MMM,2025-03-10,147.62,145.4,152.06,450.95,152.06,Target Hit,2000.0,5
MMM,2025-05-12,150.33,148.49,154.01,554.59,148.49,Stopped Out,-1020.0,2
ACN,2025-01-23,363.26,359.65,370.48,279.58,359.65,Stopped Out,-1009.8,2
ABT,2025-05-01,130.88,129.23,134.17,606.86,134.17,Target Hit,1999.4,1
ABT,2025-05-02,132.82,131.12,136.22,600.26,131.12,Stopped Out,-1019.7,2
ABT,2025-05-16,134.8,133.34,137.73,689.45,133.34,Stopped Out,-1009.5,3
APD,2025-01-17,317.8,314.58,324.24,310.39,314.58,Stopped Out,-999.4,2
LNT,2025-01-17,60.55,60.0,61.65,1799.51,61.65,Target Hit,1978.82,1
LNT,2025-05-19,63.09,62.4,64.47,1466.1,62.4,Stopped Out,-1009.2,2
ALL,2025-05-05,200.25,197.83,205.08,413.37,205.08,Target Hit,1998.21,3
ALL,2025-05-06,202.06,199.66,206.85,425.47,199.66,Stopped Out,-1019.09,4
ALL,2025-05-15,205.27,203.27,209.26,505.48,209.26,Target Hit,2017.79,2
ALL,2025-05-23,203.24,201.47,206.78,582.08,206.78,Target Hit,2058.15,1
GOOGL,2025-02-06,191.6,188.7,197.41,361.57,188.7,Stopped Out,-1049.66,1
GOOG,2025-02-06,193.31,190.44,199.06,361.64,190.44,Stopped Out,-1039.16,1
MO,2025-02-13,53.62,53.06,54.74,1835.24,53.06,Stopped Out,-1028.77,2
MO,2025-02-20,54.33,53.85,55.29,2124.82,55.29,Target Hit,2036.96,2
MO,2025-04-11,56.65,55.73,58.5,1123.14,58.5,Target Hit,2077.7,4
MO,2025-04-14,57.13,56.22,58.96,1160.84,58.96,Target Hit,2119.26,5
MO,2025-04-30,59.15,58.56,60.32,1843.53,60.32,Target Hit,2161.64,4
MO,2025-05-19,59.47,58.93,60.54,2051.11,58.93,Stopped Out,-1102.44,3
AEP,2025-04-14,106.58,105.02,109.69,701.39,105.02,Stopped Out,-1091.41,4
AEP,2025-04-22,108.15,106.54,111.38,669.71,106.54,Stopped Out,-1080.5,1
AEE,2025-01-16,93.86,93.09,95.4,1388.57,95.4,Target Hit,2139.39,2
AEE,2025-03-26,98.88,97.99,100.65,1230.88,100.65,Target Hit,2182.17,3
AEE,2025-04-29,99.21,98.01,101.61,925.77,98.01,Stopped Out,-1112.91,1
AEE,2025-05-05,99.55,98.53,101.58,1084.73,98.53,Stopped Out,-1101.78,3
AIG,2025-04-11,81.97,80.31,85.28,658.25,80.31,Stopped Out,-1090.76,5
AIG,2025-04-29,82.0,80.84,84.31,934.55,80.84,Stopped Out,-1079.85,1
AIG,2025-05-12,83.47,82.61,85.19,1245.06,82.61,Stopped Out,-1069.06,2
AIG,2025-05-16,84.33,83.46,86.07,1217.31,83.46,Stopped Out,-1058.36,3
AIG,2025-05-29,83.59,82.94,84.9,1601.26,84.9,Target Hit,2095.56,1
AXP,2025-01-14,300.36,297.5,306.08,373.6,306.08,Target Hit,2137.47,1
AXP,2025-02-14,311.04,308.01,317.11,359.19,308.01,Stopped Out,-1090.11,2
AME,2025-01-23,190.43,188.78,193.74,653.08,188.78,Stopped Out,-1079.21,1
AME,2025-02-12,185.5,183.57,189.35,554.56,183.57,Stopped Out,-1068.42,2
AME,2025-02-19,188.86,186.93,192.72,548.3,186.93,Stopped Out,-1057.73,2
AMP,2025-01-21,558.74,553.41,569.41,196.33,553.41,Stopped Out,-1047.16,4
AMP,2025-02-18,547.06,540.25,560.67,152.3,540.25,Stopped Out,-1036.69,1
AMP,2025-02-19,549.44,542.65,563.02,151.16,542.65,Stopped Out,-1026.32,1
APH,2025-01-22,77.84,76.74,80.03,927.79,76.74,Stopped Out,-1016.06,1
ANSS,2025-01-28,350.23,347.03,356.63,314.31,347.03,Stopped Out,-1005.89,1
ANSS,2025-02-04,346.96,343.76,353.36,311.27,343.76,Stopped Out,-995.84,3
ANSS,2025-02-05,347.01,343.89,353.25,315.77,343.89,Stopped Out,-985.88,2
AAPL,2025-02-14,244.6,241.26,251.28,292.27,241.26,Stopped Out,-976.02,7
AON,2025-01-27,376.8,373.52,383.36,294.75,373.52,Stopped Out,-966.26,1
AON,2025-02-04,377.46,374.1,384.18,284.59,384.18,Target Hit,1913.19,2
APO,2025-01-23,169.75,167.37,174.51,409.95,167.37,Stopped Out,-975.73,2
APO,2025-01-24,172.06,169.71,176.75,411.63,169.71,Stopped Out,-965.97,1
AJG,2025-01-30,299.03,296.55,304.0,384.9,304.0,Target Hit,1912.62,1
AJG,2025-04-14,342.92,337.09,354.57,167.4,337.09,Stopped Out,-975.44,1
AJG,2025-04-23,331.79,324.99,345.4,141.95,324.99,Stopped Out,-965.68,2
AJG,2025-05-05,334.86,329.94,344.71,194.21,329.94,Stopped Out,-956.03,5
AJG,2025-05-06,338.27,333.47,347.88,197.03,333.47,Stopped Out,-946.47,4
AJG,2025-05-16,342.24,338.28,350.15,236.79,338.28,Stopped Out,-937.0,3
AZO,2025-01-21,3297.72,3268.47,3356.23,31.71,3356.23,Target Hit,1855.26,2
AZO,2025-01-22,3326.01,3296.97,3384.1,32.58,3384.1,Target Hit,1892.37,3
AZO,2025-04-10,3615.24,3554.84,3736.05,15.98,3554.84,Stopped Out,-965.11,6
AZO,2025-04-11,3659.6,3598.86,3781.09,15.73,3598.86,Stopped Out,-955.46,3
AZO,2025-04-22,3678.66,3616.13,3803.71,15.13,3616.13,Stopped Out,-945.9,2
AZO,2025-05-16,3786.42,3751.09,3857.08,26.51,3857.08,Target Hit,1872.88,1
AZO,2025-05-28,3744.42,3701.59,3830.07,22.3,3701.59,Stopped Out,-955.17,1
ADP,2025-03-07,306.45,303.64,312.08,336.16,303.64,Stopped Out,-945.62,1
ADP,2025-04-01,306.54,304.02,311.58,371.39,304.02,Stopped Out,-936.16,1
ADP,2025-04-02,307.23,304.73,312.23,370.41,304.73,Stopped Out,-926.8,1
AIZ,2025-01-28,215.71,213.64,219.85,443.08,219.85,Target Hit,1835.07,2
AIZ,2025-01-29,216.91,214.8,221.13,443.98,221.13,Target Hit,1871.77,1
AIZ,2025-01-30,218.67,216.53,222.94,446.88,216.53,Stopped Out,-954.6,1
ADSK,2025-02-10,304.99,301.33,312.31,258.17,301.33,Stopped Out,-945.06,1
T,2025-04-09,26.47,26.02,27.37,2085.23,26.02,Stopped Out,-935.61,1
T,2025-04-14,27.2,26.73,28.14,1967.99,26.73,Stopped Out,-926.25,4
T,2025-04-23,27.19,26.64,28.3,1654.33,26.64,Stopped Out,-916.99,2
T,2025-04-24,27.53,26.98,28.62,1659.18,26.98,Stopped Out,-907.82,1
T,2025-04-29,27.3,26.88,28.14,2145.31,28.14,Target Hit,1797.48,5
T,2025-05-16,27.72,27.41,28.35,2932.21,27.41,Stopped Out,-916.71,4
T,2025-05-19,28.02,27.71,28.64,2922.92,27.71,Stopped Out,-907.55,2
ATO,2025-01-17,145.37,144.21,147.7,771.92,147.7,Target Hit,1796.94,1
ATO,2025-02-03,143.4,142.06,146.07,685.58,142.06,Stopped Out,-916.44,1
ATO,2025-02-05,145.06,143.7,147.77,668.59,143.7,Stopped Out,-907.28,1
ATO,2025-02-11,145.07,143.76,147.69,685.83,143.76,Stopped Out,-898.2,1
ATO,2025-04-10,149.29,147.25,153.36,436.43,153.36,Target Hit,1778.44,2
ATO,2025-04-11,151.48,149.35,155.74,425.68,155.74,Target Hit,1814.01,1
ATO,2025-04-14,154.98,152.77,159.4,419.02,159.4,Target Hit,1850.29,5
ATO,2025-05-16,157.68,156.02,161.0,569.15,156.02,Stopped Out,-943.65,4
ATO,2025-05-23,157.28,155.65,160.53,574.46,155.65,Stopped Out,-934.21,2
BKR,2025-01-30,44.6,43.98,45.84,1490.95,45.84,Target Hit,1849.74,1
BKR,2025-04-02,44.92,44.36,46.04,1691.61,44.36,Stopped Out,-943.37,1
BAC,2025-01-23,46.39,45.87,47.43,1804.48,47.43,Target Hit,1867.87,3
BAC,2025-02-04,46.71,46.23,47.68,1971.29,47.68,Target Hit,1905.22,2
BX,2025-01-23,185.52,183.15,190.26,410.03,183.15,Stopped Out,-971.66,2
BX,2025-01-28,185.59,183.01,190.75,372.88,183.01,Stopped Out,-961.95,2
BK,2025-03-25,85.25,84.2,87.36,904.68,84.2,Stopped Out,-952.33,2
BLK,2025-01-28,1051.2,1038.61,1076.37,74.9,1076.37,Target Hit,1885.61,2
BA,2025-03-20,172.83,169.42,179.65,282.2,179.65,Target Hit,1923.32,1
BA,2025-03-21,178.11,174.57,185.19,276.96,174.57,Stopped Out,-980.89,5
BKNG,2025-03-05,4917.46,4848.65,5055.07,14.11,4848.65,Stopped Out,-971.09,1
BMY,2025-01-24,59.67,59.1,60.82,1673.52,60.82,Target Hit,1922.75,1
BMY,2025-02-28,59.62,58.88,61.11,1319.95,61.11,Target Hit,1961.2,5
BMY,2025-03-31,60.99,60.26,62.46,1361.1,60.26,Stopped Out,-1000.21,1
BSX,2025-02-26,101.56,100.59,103.5,1022.82,100.59,Stopped Out,-990.21,1
BSX,2025-03-25,103.08,101.72,105.79,722.27,101.72,Stopped Out,-980.31,1
BSX,2025-04-25,101.9,99.87,105.95,478.96,105.95,Target Hit,1941.01,15
BRO,2025-04-10,117.26,115.43,120.92,540.79,120.92,Target Hit,1979.83,2
BRO,2025-04-11,118.86,117.02,122.55,547.44,117.02,Stopped Out,-1009.72,5
BRO,2025-04-14,120.9,119.02,124.66,531.57,119.02,Stopped Out,-999.62,2
BRO,2025-04-23,118.2,116.07,122.46,464.66,116.07,Stopped Out,-989.62,2
BR,2025-01-16,231.04,229.01,235.1,482.46,235.1,Target Hit,1959.45,3
BR,2025-02-03,238.65,236.51,242.93,466.62,242.93,Target Hit,1998.64,6
BR,2025-03-25,236.94,234.44,241.94,407.61,241.94,Target Hit,2038.61,4
BR,2025-03-26,238.19,235.71,243.14,420.02,243.14,Target Hit,2079.39,3
BR,2025-03-27,238.89,236.49,243.68,442.46,236.49,Stopped Out,-1060.49,1
BR,2025-03-31,242.46,240.3,246.79,485.09,240.3,Stopped Out,-1049.88,1
BR,2025-04-01,244.72,242.53,249.11,473.6,242.53,Stopped Out,-1039.38,1
BR,2025-04-24,238.13,233.59,247.22,226.44,233.59,Stopped Out,-1028.99,5
BR,2025-04-29,239.68,236.24,246.55,296.5,236.24,Stopped Out,-1018.7,1
BR,2025-05-27,239.99,238.22,243.52,570.7,238.22,Stopped Out,-1008.51,2
CHRW,2025-01-24,108.16,107.01,110.47,865.78,107.01,Stopped Out,-998.43,4
COF,2025-02-26,196.77,193.78,202.75,330.37,193.78,Stopped Out,-988.44,3
CAH,2025-01-14,124.03,122.99,126.1,945.3,122.99,Stopped Out,-978.56,1
CAH,2025-03-14,128.0,126.57,130.86,676.86,130.86,Target Hit,1937.55,2
CAH,2025-03-17,130.03,128.59,132.92,684.76,132.92,Target Hit,1976.3,3
CAH,2025-04-14,134.78,132.46,139.41,434.95,132.46,Stopped Out,-1007.91,4
CAH,2025-04-22,133.69,131.1,138.87,385.23,138.87,Target Hit,1995.66,4
KMX,2025-01-24,82.73,81.71,84.77,996.61,84.77,Target Hit,2035.58,1
CCL,2025-01-17,25.85,25.43,26.69,2477.46,26.69,Target Hit,2076.29,1
CCL,2025-01-23,25.61,25.18,26.48,2437.95,25.18,Stopped Out,-1058.91,2
CCL,2025-01-28,27.77,27.3,28.7,2251.87,28.7,Target Hit,2096.64,3
CCL,2025-02-14,26.23,25.74,27.2,2198.17,25.74,Stopped Out,-1069.28,1
CBOE,2025-05-16,220.95,217.45,227.95,302.51,227.95,Target Hit,2117.18,3
CBOE,2025-05-19,224.41,220.97,231.29,314.0,231.29,Target Hit,2159.53,4
CAT,2025-01-21,398.36,394.24,406.59,267.49,406.59,Target Hit,2202.72,2
CBRE,2025-01-17,136.91,135.01,140.72,590.09,140.72,Target Hit,2246.77,1
CBRE,2025-02-14,143.73,141.82,147.55,600.09,141.82,Stopped Out,-1145.85,1
CBRE,2025-03-05,142.3,140.24,146.41,551.44,140.24,Stopped Out,-1134.4,1
COR,2025-01-17,242.05,239.98,246.18,543.43,246.18,Target Hit,2246.1,2
COR,2025-02-19,245.42,242.79,250.68,435.47,242.79,Stopped Out,-1145.51,1
COR,2025-05-13,279.0,275.35,286.31,310.4,286.31,Target Hit,2268.11,2
CF,2025-01-10,88.76,87.85,90.58,1274.39,90.58,Target Hit,2313.48,1
CF,2025-01-13,95.5,94.43,97.63,1107.31,94.43,Stopped Out,-1179.87,1
CF,2025-02-04,94.09,92.77,96.72,887.02,92.77,Stopped Out,-1168.07,1
SCHW,2025-02-28,79.53,78.53,81.52,1162.18,78.53,Stopped Out,-1156.39,1
CNP,2025-01-14,31.86,31.55,32.48,3674.29,32.48,Target Hit,2289.66,2
CNP,2025-02-12,32.58,32.3,33.14,4149.28,33.14,Target Hit,2335.45,1
CNP,2025-02-13,33.43,33.13,34.03,3991.65,34.03,Target Hit,2382.16,2
CNP,2025-05-15,37.23,36.88,37.93,3446.92,36.88,Stopped Out,-1214.9,5
CNP,2025-05-16,37.52,37.16,38.23,3381.61,37.16,Stopped Out,-1202.75,3
CNP,2025-05-23,37.57,37.24,38.24,3575.41,37.24,Stopped Out,-1190.73,2
CVX,2025-03-17,158.72,156.73,162.71,591.28,162.71,Target Hit,2357.64,2
CHD,2025-02-25,110.57,109.51,112.69,1131.86,109.51,Stopped Out,-1202.4,1
CHD,2025-03-20,108.07,106.9,110.4,1021.42,106.9,Stopped Out,-1190.37,1
CHD,2025-03-28,109.11,108.11,111.11,1178.47,108.11,Stopped Out,-1178.47,3
CHD,2025-04-03,110.76,109.7,112.87,1104.43,109.7,Stopped Out,-1166.68,1
CSCO,2025-01-14,59.33,58.91,60.17,2743.04,60.17,Target Hit,2310.03,1
CFG,2025-02-04,47.04,46.37,48.37,1765.44,48.37,Target Hit,2356.23,3
CFG,2025-02-14,46.35,45.79,47.47,2153.82,47.47,Target Hit,2403.36,2
C,2025-02-26,79.07,78.02,81.16,1170.13,78.02,Stopped Out,-1225.71,2
CMS,2025-05-06,73.37,72.59,74.93,1553.02,72.59,Stopped Out,-1213.46,2
CMS,2025-05-07,73.95,73.18,75.49,1564.31,73.18,Stopped Out,-1201.32,1
CME,2025-01-24,234.68,232.79,238.45,611.82,232.79,Stopped Out,-1153.98,3
CME,2025-01-31,236.52,234.63,240.3,604.27,240.3,Target Hit,2284.89,1
CME,2025-02-03,240.65,238.66,244.63,585.92,238.66,Stopped Out,-1165.29,1
CME,2025-04-10,258.39,255.24,264.69,366.42,264.69,Target Hit,2307.28,2
CME,2025-04-11,261.54,258.28,268.06,361.17,258.28,Stopped Out,-1176.71,1
CME,2025-04-24,263.27,259.25,271.3,290.05,271.3,Target Hit,2329.89,3
KO,2025-05-16,72.0,71.37,73.26,1885.65,71.37,Stopped Out,-1189.31,4
KO,2025-05-23,71.77,71.25,72.82,2250.35,71.25,Stopped Out,-1177.41,2
KO,2025-05-27,71.78,71.26,72.82,2240.08,71.26,Stopped Out,-1165.64,1
CTSH,2025-01-24,80.05,79.34,81.48,1666.34,81.48,Target Hit,2376.49,3
CTSH,2025-03-10,84.0,83.13,85.74,1391.1,83.13,Stopped Out,-1212.01,1
COIN,2025-01-22,295.85,286.76,314.03,131.99,286.76,Stopped Out,-1199.89,3
COIN,2025-01-23,296.01,286.98,314.07,131.51,286.98,Stopped Out,-1187.89,2
CSGP,2025-04-14,79.53,77.81,82.98,682.32,77.81,Stopped Out,-1176.01,4
CSGP,2025-04-15,80.51,78.77,83.98,670.57,78.77,Stopped Out,-1164.25,1
CSGP,2025-04-22,80.87,79.01,84.58,620.52,79.01,Stopped Out,-1152.61,6
CPAY,2025-02-26,371.83,366.33,382.82,207.63,366.33,Stopped Out,-1141.08,1
CPAY,2025-02-28,367.05,362.41,376.34,243.24,362.41,Stopped Out,-1129.67,2
CEG,2025-01-10,305.19,297.72,320.13,149.75,297.72,Stopped Out,-1118.38,1
COST,2025-04-25,977.16,959.48,1012.53,62.61,1012.53,Target Hit,2214.38,5
CTVA,2025-01-14,60.89,60.24,62.19,1738.68,62.19,Target Hit,2258.67,3
CTVA,2025-04-01,63.55,62.92,64.81,1825.6,62.92,Stopped Out,-1151.92,2
CTVA,2025-04-02,64.0,63.37,65.25,1818.67,63.37,Stopped Out,-1140.4,1
CTVA,2025-05-01,62.02,61.31,63.43,1597.21,63.43,Target Hit,2258.0,5
CPRT,2025-02-13,59.83,59.32,60.86,2246.84,59.32,Stopped Out,-1151.58,2
CTRA,2025-03-17,28.16,27.71,29.05,2560.03,29.05,Target Hit,2280.13,1
CTRA,2025-03-18,28.77,28.33,29.66,2627.03,29.66,Target Hit,2325.73,6
CRWD,2025-01-21,366.41,359.79,379.66,179.05,379.66,Target Hit,2372.24,1
DRI,2025-03-10,195.52,193.12,200.32,504.4,193.12,Stopped Out,-1209.84,1
DRI,2025-04-15,199.56,195.45,207.78,291.53,195.45,Stopped Out,-1197.75,3
DRI,2025-04-17,200.22,196.1,208.46,287.75,196.1,Stopped Out,-1185.77,1
DRI,2025-04-22,202.65,198.54,210.86,285.86,198.54,Stopped Out,-1173.91,2
DRI,2025-04-30,200.64,197.97,205.98,435.35,197.97,Stopped Out,-1162.17,5
DRI,2025-05-12,203.85,201.71,208.13,538.2,208.13,Target Hit,2301.1,1
CMI,2025-02-05,369.91,365.33,379.08,256.04,365.33,Stopped Out,-1173.56,5
CVS,2025-05-08,67.85,66.86,69.83,1171.66,66.86,Stopped Out,-1161.82,1
DE,2025-01-14,432.31,428.02,440.89,268.0,428.02,Stopped Out,-1150.21,1
DE,2025-01-16,439.11,434.38,448.58,240.5,448.58,Target Hit,2277.41,1
DE,2025-03-05,467.5,459.93,482.63,153.52,482.63,Target Hit,2322.96,1
DE,2025-03-24,479.96,473.18,493.53,174.61,473.18,Stopped Out,-1184.71,4
DAL,2025-02-12,66.33,65.43,68.13,1301.9,65.43,Stopped Out,-1172.86,1
DAL,2025-02-19,65.04,63.94,67.23,1058.55,63.94,Stopped Out,-1161.13,1
DG,2025-05-15,92.99,91.63,95.7,847.0,95.7,Target Hit,2299.04,2
DG,2025-05-16,93.55,92.22,96.21,882.99,96.21,Target Hit,2345.02,1
DPZ,2025-02-25,470.14,463.16,484.09,171.46,484.09,Target Hit,2391.92,1
DPZ,2025-03-19,461.67,453.31,478.39,145.93,453.31,Stopped Out,-1219.88,3
DPZ,2025-03-26,466.84,458.65,483.22,147.42,458.65,Stopped Out,-1207.68,2
DPZ,2025-04-01,465.47,458.19,480.02,164.32,458.19,Stopped Out,-1195.61,2
DPZ,2025-04-02,468.35,461.06,482.94,162.28,461.06,Stopped Out,-1183.65,1
DPZ,2025-04-14,475.87,465.4,496.81,111.9,465.4,Stopped Out,-1171.81,1
DPZ,2025-04-21,468.27,458.71,487.39,121.37,487.39,Target Hit,2320.19,1
DPZ,2025-04-22,486.14,476.22,505.99,119.25,476.22,Stopped Out,-1183.3,2
DASH,2025-01-21,178.1,175.92,182.47,536.57,175.92,Stopped Out,-1171.46,2
DASH,2025-03-20,192.93,187.96,202.88,233.18,187.96,Stopped Out,-1159.75,1
DASH,2025-03-24,198.98,194.07,208.81,233.61,194.07,Stopped Out,-1148.15,2
DASH,2025-03-25,199.72,194.83,209.5,232.52,194.83,Stopped Out,-1136.67,1
DASH,2025-04-29,191.23,186.68,200.32,247.5,186.68,Stopped Out,-1125.3,1
DASH,2025-04-30,192.89,188.93,200.8,281.56,200.8,Target Hit,2228.1,2
DASH,2025-05-01,196.2,192.63,203.34,318.41,203.34,Target Hit,2272.66,1
DTE,2025-04-17,133.55,131.52,137.61,570.35,131.52,Stopped Out,-1159.06,1
DTE,2025-04-29,136.76,135.0,140.27,653.42,135.0,Stopped Out,-1147.47,1
DTE,2025-05-16,138.07,136.7,140.82,826.18,136.7,Stopped Out,-1135.99,1
EW,2025-04-02,72.05,71.29,73.57,1478.84,71.29,Stopped Out,-1124.63,1
EW,2025-04-03,72.98,72.2,74.54,1426.4,72.2,Stopped Out,-1113.39,1
EBAY,2025-03-06,67.87,66.8,70.0,1032.73,70.0,Target Hit,2204.51,1
EBAY,2025-03-07,70.51,69.35,72.83,969.7,69.35,Stopped Out,-1124.3,1
EBAY,2025-03-31,67.73,66.84,69.51,1249.58,66.84,Stopped Out,-1113.05,2
EBAY,2025-04-01,67.8,66.9,69.59,1229.69,66.9,Stopped Out,-1101.92,1
EBAY,2025-04-24,67.2,65.77,70.07,760.62,65.77,Stopped Out,-1090.91,3
EBAY,2025-04-25,67.83,66.49,70.5,808.71,66.49,Stopped Out,-1080.0,1
EBAY,2025-04-30,68.16,66.99,70.5,913.58,70.5,Target Hit,2138.39,3
EMR,2025-01-28,130.0,128.58,132.84,769.13,128.58,Stopped Out,-1090.58,4
EOG,2025-01-08,128.46,127.31,130.77,936.56,130.77,Target Hit,2159.35,1
EOG,2025-01-10,131.41,130.18,133.87,895.89,133.87,Target Hit,2202.54,1
EQT,2025-03-05,50.13,49.09,52.21,1082.32,49.09,Stopped Out,-1123.29,1
EQT,2025-03-17,51.66,50.6,53.79,1044.36,53.79,Target Hit,2224.12,2
EQT,2025-04-29,51.22,50.06,53.54,977.24,50.06,Stopped Out,-1134.3,1
EQT,2025-05-02,51.85,50.89,53.77,1167.74,53.77,Target Hit,2245.92,1
EPAM,2025-01-24,252.43,249.42,258.44,380.87,249.42,Stopped Out,-1145.42,2
EQIX,2025-01-08,951.04,941.97,969.18,125.04,941.97,Stopped Out,-1133.96,1
EQIX,2025-02-11,943.64,932.01,966.9,96.54,932.01,Stopped Out,-1122.62,1
EQIX,2025-02-20,940.25,929.68,961.39,105.14,929.68,Stopped Out,-1111.4,1
EXC,2025-04-10,45.12,44.45,46.46,1640.47,46.46,Target Hit,2200.57,2
EVRG,2025-03-11,65.59,64.91,66.95,1644.53,66.95,Target Hit,2244.58,2
EVRG,2025-04-15,67.87,67.0,69.61,1314.98,67.0,Stopped Out,-1144.73,3
EXE,2025-01-28,102.13,100.83,104.74,869.91,104.74,Target Hit,2266.58,6
EXE,2025-03-18,107.0,105.31,110.37,685.44,110.37,Target Hit,2311.91,6
EXE,2025-04-17,106.47,104.03,111.35,482.76,104.03,Stopped Out,-1179.07,1
EXE,2025-04-25,105.3,103.08,109.74,525.35,103.08,Stopped Out,-1167.28,3
EXE,2025-04-28,107.11,105.11,111.11,578.23,105.11,Stopped Out,-1155.61,2
EXE,2025-05-05,108.35,106.77,111.5,725.28,111.5,Target Hit,2288.11,3
FFIV,2025-03-05,282.73,278.95,290.3,308.35,278.95,Stopped Out,-1166.93,1
EXPE,2025-03-05,190.99,187.78,197.42,359.37,187.78,Stopped Out,-1155.26,1
FI,2025-03-20,221.79,218.74,227.89,374.73,218.74,Stopped Out,-1143.71,1
FI,2025-03-25,222.62,219.94,227.97,423.11,219.94,Stopped Out,-1132.28,2
FTNT,2025-01-22,98.24,96.94,100.84,861.15,96.94,Stopped Out,-1120.95,1
FTNT,2025-01-28,99.83,98.52,102.45,847.56,98.52,Stopped Out,-1109.74,1
FTNT,2025-04-25,101.8,99.28,106.85,435.43,106.85,Target Hit,2197.29,6
FTNT,2025-04-28,102.64,100.39,107.15,497.21,100.39,Stopped Out,-1120.62,2
FOXA,2025-01-22,48.14,47.71,48.99,2608.19,48.99,Target Hit,2218.82,2
FOXA,2025-03-20,53.21,52.56,54.5,1754.13,54.5,Target Hit,2263.2,3
FOXA,2025-03-21,53.4,52.77,54.65,1845.4,54.65,Target Hit,2308.46,2
FOXA,2025-03-25,54.96,54.31,56.26,1809.96,56.26,Target Hit,2354.63,4
FOX,2025-03-26,51.16,50.59,52.31,2088.82,50.59,Stopped Out,-1200.86,2
FTV,2025-01-14,77.35,76.69,78.67,1799.83,78.67,Target Hit,2377.71,2
FTV,2025-02-10,80.5,79.83,81.83,1823.02,79.83,Stopped Out,-1212.63,1
GRMN,2025-01-08,211.39,209.52,215.13,642.21,209.52,Stopped Out,-1200.51,1
GRMN,2025-02-04,218.22,216.21,222.24,590.79,222.24,Target Hit,2377.0,3
GRMN,2025-02-19,241.93,238.32,249.16,335.42,238.32,Stopped Out,-1212.27,1
GRMN,2025-04-02,218.07,215.36,223.49,442.52,215.36,Stopped Out,-1200.15,1
GEV,2025-01-30,382.94,369.71,409.41,89.78,369.71,Stopped Out,-1188.15,2
GEV,2025-02-05,367.93,354.55,394.7,87.89,354.55,Stopped Out,-1176.26,10
GEV,2025-02-18,373.25,364.34,391.08,130.64,364.34,Stopped Out,-1164.5,2
GE,2025-03-17,202.03,198.88,208.33,366.25,208.33,Target Hit,2305.71,5
GILD,2025-05-27,109.09,107.52,112.23,749.25,107.52,Stopped Out,-1175.91,1
GDDY,2025-02-13,212.54,209.96,217.69,451.85,209.96,Stopped Out,-1164.16,1
GS,2025-02-26,617.77,609.71,633.89,142.96,609.71,Stopped Out,-1152.51,1
HSIC,2025-01-21,74.19,73.33,75.91,1322.93,73.33,Stopped Out,-1140.99,1
HSIC,2025-03-10,75.45,74.13,78.09,855.86,74.13,Stopped Out,-1129.58,1
HPE,2025-01-14,22.54,22.21,23.2,3390.17,23.2,Target Hit,2236.57,1
HES,2025-03-07,147.43,145.61,151.06,627.83,145.61,Stopped Out,-1140.65,2
HES,2025-03-17,150.45,148.38,154.59,545.21,154.59,Target Hit,2258.48,2
HLT,2025-01-28,253.66,251.6,257.78,558.74,257.78,Target Hit,2303.65,2
HD,2025-01-16,409.33,405.88,416.24,340.24,416.24,Target Hit,2349.73,2
HD,2025-02-04,411.49,407.32,419.83,287.45,407.32,Stopped Out,-1198.36,3
HWM,2025-01-14,119.19,117.76,122.04,831.54,122.04,Target Hit,2372.75,1
HWM,2025-03-05,130.3,127.46,135.97,426.56,127.46,Stopped Out,-1210.1,1
HWM,2025-03-17,129.27,126.59,134.62,447.64,126.59,Stopped Out,-1198.0,1
HWM,2025-03-19,131.98,129.27,137.4,437.73,129.27,Stopped Out,-1186.02,2
HWM,2025-03-31,129.73,127.47,134.24,520.15,127.47,Stopped Out,-1174.16,3
HWM,2025-04-01,131.78,129.53,136.27,517.49,129.53,Stopped Out,-1162.42,1
HWM,2025-04-02,133.9,131.7,138.3,522.87,131.7,Stopped Out,-1150.8,1
HWM,2025-04-24,133.49,129.65,141.16,296.99,141.16,Target Hit,2278.58,5
HBAN,2025-01-30,17.39,17.19,17.78,5937.72,17.19,Stopped Out,-1162.08,1
IEX,2025-01-31,224.31,222.18,228.57,539.63,222.18,Stopped Out,-1150.45,1
IBM,2025-01-23,226.04,223.92,230.28,537.81,223.92,Stopped Out,-1138.95,1
IBM,2025-01-28,225.66,223.55,229.88,534.59,229.88,Target Hit,2255.12,2
IBM,2025-01-29,228.63,226.46,232.97,530.04,232.97,Target Hit,2300.22,1
IBM,2025-01-30,258.27,255.06,264.69,365.55,255.06,Stopped Out,-1173.11,1
IBM,2025-03-17,252.97,249.07,260.76,298.17,249.07,Stopped Out,-1161.38,1
IBM,2025-03-25,249.9,245.73,258.25,275.52,245.73,Stopped Out,-1149.77,2
IBM,2025-05-05,249.18,245.64,256.25,321.92,256.25,Target Hit,2276.54,3
INCY,2025-01-27,72.64,71.59,74.75,1100.95,74.75,Target Hit,2322.07,4
INCY,2025-01-28,73.15,72.14,75.17,1170.68,75.17,Target Hit,2368.51,3
INCY,2025-01-29,73.72,72.77,75.62,1270.1,72.77,Stopped Out,-1207.94,3
ICE,2025-05-01,170.84,168.8,174.91,587.04,174.91,Target Hit,2391.73,2
ICE,2025-05-02,173.45,171.44,177.46,608.22,177.46,Target Hit,2439.56,4
PODD,2025-01-16,272.86,269.07,280.44,328.12,280.44,Target Hit,2488.35,2
PODD,2025-01-17,275.81,272.0,283.43,333.08,283.43,Target Hit,2538.12,8
PODD,2025-02-19,283.68,280.27,290.5,379.6,280.27,Stopped Out,-1294.44,2
IP,2025-01-17,56.93,56.41,57.97,2452.79,57.97,Target Hit,2562.99,1
IP,2025-02-18,57.28,56.36,59.12,1422.31,56.36,Stopped Out,-1307.13,2
IP,2025-02-27,56.25,55.56,57.62,1883.48,55.56,Stopped Out,-1294.05,1
ISRG,2025-01-10,547.47,541.54,559.33,216.02,541.54,Stopped Out,-1281.11,1
ISRG,2025-02-26,580.93,574.16,594.47,187.28,574.16,Stopped Out,-1268.3,1
JCI,2025-03-20,83.15,81.94,85.58,1034.65,81.94,Stopped Out,-1255.62,1
JCI,2025-03-24,84.52,83.45,86.66,1160.19,83.45,Stopped Out,-1243.06,2
JPM,2025-01-14,247.47,245.39,251.63,591.57,245.39,Stopped Out,-1230.63,1
JPM,2025-02-26,258.79,255.87,264.62,417.64,264.62,Target Hit,2436.65,2
K,2025-04-21,82.41,82.23,82.77,6931.36,82.77,Target Hit,2485.39,2
K,2025-04-22,82.6,82.42,82.97,6931.9,82.42,Stopped Out,-1267.55,1
K,2025-04-29,82.58,82.41,82.92,7483.79,82.92,Target Hit,2509.74,2
K,2025-04-30,82.77,82.63,83.06,8893.09,82.63,Stopped Out,-1279.97,1
K,2025-05-20,82.51,82.32,82.89,6713.48,82.32,Stopped Out,-1267.17,1
IVZ,2025-01-27,17.75,17.53,18.2,5624.65,18.2,Target Hit,2509.0,1
IVZ,2025-01-28,19.34,19.08,19.87,4858.1,19.08,Stopped Out,-1279.59,1
JBHT,2025-01-15,186.55,184.66,190.34,669.25,184.66,Stopped Out,-1266.79,1
KKR,2025-01-17,157.57,155.36,161.98,568.26,161.98,Target Hit,2508.25,2
KR,2025-03-06,63.78,63.03,65.27,1712.54,63.03,Stopped Out,-1279.21,1
KR,2025-04-10,67.9,66.8,70.1,1149.61,70.1,Target Hit,2532.83,5
LH,2025-01-15,237.3,235.05,241.8,574.15,241.8,Target Hit,2583.49,2
LH,2025-01-16,238.77,236.54,243.22,591.79,243.22,Target Hit,2635.16,2
LII,2025-01-28,662.59,654.64,678.48,169.11,654.64,Stopped Out,-1343.93,1
LII,2025-02-19,651.16,642.61,668.26,155.63,642.61,Stopped Out,-1330.49,1
LYV,2025-02-28,143.36,140.89,148.29,533.98,140.89,Stopped Out,-1317.19,2
LKQ,2025-04-11,42.01,41.24,43.55,1692.27,41.24,Stopped Out,-1304.01,3
LKQ,2025-04-22,42.26,41.49,43.79,1686.68,41.49,Stopped Out,-1290.97,2
L,2025-01-27,86.39,85.59,87.98,1605.48,85.59,Stopped Out,-1278.06,1
L,2025-02-04,85.74,85.04,87.14,1807.09,87.14,Target Hit,2530.57,2
L,2025-02-28,86.67,85.83,88.35,1538.86,85.83,Stopped Out,-1290.59,2
L,2025-03-07,85.34,84.59,86.84,1702.1,84.59,Stopped Out,-1277.68,1
L,2025-03-14,86.42,85.66,87.94,1667.48,87.94,Target Hit,2529.81,3
L,2025-04-24,86.24,84.62,89.48,797.24,89.48,Target Hit,2580.41,12
L,2025-04-30,86.83,85.87,88.76,1366.97,85.87,Stopped Out,-1316.01,1
L,2025-05-02,88.11,87.2,89.93,1429.25,87.2,Stopped Out,-1302.85,1
L,2025-05-06,86.78,85.85,88.64,1385.42,88.64,Target Hit,2579.64,2
L,2025-05-07,87.83,86.91,89.67,1427.92,89.67,Target Hit,2631.23,3
L,2025-05-23,87.88,87.21,89.23,1993.33,89.23,Target Hit,2683.86,4
L,2025-05-27,89.07,88.4,90.42,2030.49,88.4,Stopped Out,-1368.77,1
MMC,2025-04-14,237.32,233.67,244.63,370.96,233.67,Stopped Out,-1355.08,1
MMC,2025-05-19,231.84,229.82,235.87,665.1,229.82,Stopped Out,-1341.53,2
MA,2025-01-17,524.7,520.58,532.94,322.46,532.94,Target Hit,2656.23,3
MA,2025-01-21,528.06,523.99,536.19,333.18,536.19,Target Hit,2709.35,4
MA,2025-03-27,557.57,552.48,567.74,271.65,552.48,Stopped Out,-1381.77,1
KMI,2025-03-20,28.06,27.71,28.76,3917.79,28.76,Target Hit,2735.9,2
MAA,2025-05-02,167.77,165.69,171.92,672.03,165.69,Stopped Out,-1395.31,1
MOH,2025-05-19,325.35,319.82,336.42,249.67,319.82,Stopped Out,-1381.36,2
MOH,2025-05-20,326.15,320.69,337.08,250.33,320.69,Stopped Out,-1367.54,1
MCD,2025-03-17,303.97,299.9,312.11,332.49,312.11,Target Hit,2707.74,7
MCD,2025-05-16,318.61,315.85,324.13,500.04,315.85,Stopped Out,-1380.95,3
MCK,2025-02-19,602.74,595.52,617.19,189.25,595.52,Stopped Out,-1367.14,2
MCK,2025-05-15,706.76,697.16,725.96,140.97,725.96,Target Hit,2706.93,2
MAR,2025-01-27,288.05,285.52,293.11,545.82,293.11,Target Hit,2761.07,3
MAR,2025-01-28,288.64,286.09,293.74,551.73,293.74,Target Hit,2816.29,2
TAP,2025-04-11,60.69,59.66,62.74,1399.4,59.66,Stopped Out,-1436.31,2
META,2025-01-15,617.12,608.15,635.06,158.49,608.15,Stopped Out,-1421.94,2
META,2025-02-26,673.7,664.61,691.88,154.85,664.61,Stopped Out,-1407.72,1
NI,2025-02-05,38.11,37.68,38.98,3213.26,37.68,Stopped Out,-1393.65,3
NI,2025-03-11,38.82,38.45,39.56,3708.72,38.45,Stopped Out,-1379.71,2
NI,2025-04-15,39.47,38.84,40.73,2162.96,38.84,Stopped Out,-1365.91,1
NI,2025-04-24,39.68,38.97,41.09,1911.8,38.97,Stopped Out,-1352.25,4
NI,2025-04-28,39.73,39.17,40.85,2395.96,39.17,Stopped Out,-1338.73,2
NI,2025-05-05,39.31,38.91,40.12,3281.17,38.91,Stopped Out,-1325.35,2
NI,2025-05-06,39.36,38.96,40.16,3265.68,38.96,Stopped Out,-1312.09,1
NI,2025-05-07,40.48,40.04,41.36,2943.87,40.04,Stopped Out,-1298.97,1
MSI,2025-02-06,482.1,478.15,490.01,325.21,478.15,Stopped Out,-1285.98,3
NDAQ,2025-01-22,80.83,80.16,82.17,1898.66,80.16,Stopped Out,-1273.12,1
NDAQ,2025-01-30,82.28,81.47,83.91,1551.11,81.47,Stopped Out,-1260.39,2
NDAQ,2025-02-13,81.69,80.77,83.54,1350.16,80.77,Stopped Out,-1247.79,2
NDAQ,2025-02-27,80.8,79.98,82.44,1508.52,82.44,Target Hit,2470.62,1
NWSA,2025-02-07,29.04,28.76,29.61,4435.0,28.76,Stopped Out,-1260.01,2
NEM,2025-05-16,50.1,49.29,51.71,1548.84,51.71,Target Hit,2494.83,2
NEM,2025-05-19,50.93,50.14,52.52,1601.48,52.52,Target Hit,2544.73,2
NWS,2025-01-27,31.78,31.48,32.37,4378.15,31.48,Stopped Out,-1297.81,3
NWS,2025-02-04,32.86,32.57,33.44,4411.44,32.57,Stopped Out,-1284.83,2
NWS,2025-02-27,31.89,31.5,32.66,3282.54,31.5,Stopped Out,-1271.98,3
NWS,2025-03-06,31.88,31.5,32.64,3293.73,31.5,Stopped Out,-1259.26,1
MCO,2025-01-24,489.65,484.93,499.09,264.03,484.93,Stopped Out,-1246.67,1
ORLY,2025-03-14,1327.41,1311.3,1359.64,76.59,1359.64,Target Hit,2468.41,6
ORLY,2025-03-17,1347.99,1332.04,1379.9,78.91,1332.04,Stopped Out,-1258.89,1
ORLY,2025-04-10,1373.36,1350.53,1419.01,54.6,1419.01,Target Hit,2492.6,2
ORLY,2025-04-11,1389.79,1366.59,1436.19,54.8,1366.59,Stopped Out,-1271.23,3
ORLY,2025-04-22,1393.54,1368.62,1443.38,50.51,1368.62,Stopped Out,-1258.51,2
ORLY,2025-04-29,1399.23,1377.94,1441.82,58.51,1377.94,Stopped Out,-1245.93,6
ORLY,2025-05-16,1381.66,1366.91,1411.15,83.65,1366.91,Stopped Out,-1233.47,3
ORLY,2025-05-19,1393.9,1379.95,1421.81,87.52,1379.95,Stopped Out,-1221.13,2
NTRS,2025-01-16,106.49,105.44,108.6,1148.51,108.6,Target Hit,2417.85,4
NTRS,2025-01-17,106.87,105.83,108.96,1181.5,108.96,Target Hit,2466.2,3
NFLX,2025-03-05,990.92,976.05,1020.65,84.6,976.05,Stopped Out,-1257.76,1
NFLX,2025-03-24,971.99,952.69,1010.6,64.5,952.69,Stopped Out,-1245.19,4
NFLX,2025-03-25,997.28,977.95,1035.93,63.79,977.95,Stopped Out,-1232.73,1
NFLX,2025-04-17,973.03,948.45,1022.19,49.65,1022.19,Target Hit,2440.81,2
NFLX,2025-04-21,987.91,962.9,1037.94,49.77,1037.94,Target Hit,2489.63,1
NCLH,2025-01-29,28.46,27.96,29.46,2551.27,27.96,Stopped Out,-1269.71,3
NRG,2025-01-10,99.39,97.66,102.84,728.49,97.66,Stopped Out,-1257.01,1
NRG,2025-01-28,100.87,98.13,106.35,453.79,106.35,Target Hit,2488.89,12
NRG,2025-02-26,113.33,111.05,117.89,556.22,111.05,Stopped Out,-1269.33,1
PCAR,2025-01-30,112.51,111.24,115.05,989.68,111.24,Stopped Out,-1256.64,1
PKG,2025-01-21,242.13,240.27,245.86,667.67,240.27,Stopped Out,-1244.07,1
PARA,2025-04-25,11.73,11.52,12.15,5921.82,11.52,Stopped Out,-1231.63,3
PARA,2025-05-07,11.57,11.43,11.86,8468.73,11.86,Target Hit,2438.63,2
PARA,2025-05-09,11.94,11.79,12.23,8457.68,11.79,Stopped Out,-1243.7,3
NVDA,2025-01-22,147.07,143.92,153.38,390.5,143.92,Stopped Out,-1231.27,1
PLTR,2025-01-16,69.24,67.3,73.12,627.52,73.12,Target Hit,2437.91,2
PLTR,2025-01-17,71.77,69.8,75.72,629.54,75.72,Target Hit,2486.66,2
PLTR,2025-02-26,89.31,85.1,97.72,301.48,85.1,Stopped Out,-1268.2,1
PLTR,2025-03-24,96.75,93.47,103.31,383.05,93.47,Stopped Out,-1255.52,2
PLTR,2025-04-23,100.82,96.47,109.53,285.41,109.53,Target Hit,2485.92,2
PAYX,2025-01-16,146.84,145.42,149.68,892.78,145.42,Stopped Out,-1267.82,2
PAYX,2025-03-27,151.83,149.9,155.68,651.31,149.9,Stopped Out,-1255.14,6
PM,2025-01-27,130.43,129.25,132.8,1050.39,129.25,Stopped Out,-1242.59,1
PM,2025-04-11,153.89,151.46,158.74,507.1,158.74,Target Hit,2460.33,2
PAYC,2025-02-19,216.17,212.73,223.06,364.43,212.73,Stopped Out,-1254.77,1
PAYC,2025-02-24,219.19,215.67,226.24,352.61,215.67,Stopped Out,-1242.22,3
PYPL,2025-01-15,89.64,88.48,91.97,1056.68,91.97,Target Hit,2459.6,2
PYPL,2025-01-29,88.76,87.47,91.34,973.28,87.47,Stopped Out,-1254.39,3
PH,2025-01-23,680.09,673.73,692.81,195.25,673.73,Stopped Out,-1241.85,2
PPL,2025-01-17,33.25,32.98,33.78,4636.24,33.78,Target Hit,2458.86,1
PPL,2025-01-21,33.57,33.3,34.11,4653.75,33.3,Stopped Out,-1254.02,1
PPL,2025-01-31,33.6,33.28,34.24,3883.96,33.28,Stopped Out,-1241.48,1
PPL,2025-03-26,34.6,34.32,35.16,4353.37,35.16,Target Hit,2458.13,2
PPL,2025-04-14,35.45,34.93,36.49,2419.9,34.93,Stopped Out,-1253.65,4
PNC,2025-01-29,202.18,199.55,207.43,472.56,199.55,Stopped Out,-1241.11,2
PGR,2025-04-10,273.18,268.17,283.19,245.39,283.19,Target Hit,2457.4,4
PGR,2025-04-11,275.64,270.47,285.99,242.24,270.47,Stopped Out,-1253.27,4
PGR,2025-04-14,278.56,273.32,289.05,236.57,273.32,Stopped Out,-1240.74,3
PGR,2025-04-30,281.74,278.05,289.13,332.65,278.05,Stopped Out,-1228.33,1
PGR,2025-05-13,282.59,279.77,288.24,430.75,279.77,Stopped Out,-1216.05,1
PGR,2025-05-29,277.3,274.65,282.61,453.81,282.61,Target Hit,2407.78,1
DGX,2025-03-26,166.62,164.48,170.9,573.73,170.9,Target Hit,2455.93,6
DGX,2025-03-28,167.33,165.45,171.09,666.91,171.09,Target Hit,2505.05,4
DGX,2025-03-31,169.2,167.45,172.71,728.75,167.45,Stopped Out,-1277.58,2
DGX,2025-04-03,170.63,168.83,174.22,704.27,168.83,Stopped Out,-1264.8,1
DGX,2025-04-23,173.57,170.18,180.35,369.21,170.18,Stopped Out,-1252.15,20
DGX,2025-05-27,173.68,171.97,177.09,726.43,171.97,Stopped Out,-1239.63,1
PNW,2025-04-14,93.71,92.38,96.36,925.89,92.38,Stopped Out,-1227.24,4
PNW,2025-05-02,94.32,93.33,96.3,1224.56,93.33,Stopped Out,-1214.96,1
RJF,2025-01-08,159.38,157.65,162.84,695.31,157.65,Stopped Out,-1202.81,1
RJF,2025-01-16,164.9,163.17,168.36,687.64,163.17,Stopped Out,-1190.79,1
RTX,2025-05-12,130.56,129.03,133.62,770.57,133.62,Target Hit,2357.75,3
PTC,2025-01-31,193.48,191.79,196.87,709.7,191.79,Stopped Out,-1202.45,1
PWR,2025-01-16,336.19,331.63,345.31,261.17,345.31,Target Hit,2380.86,2
ROL,2025-04-10,54.11,53.25,55.83,1411.26,55.83,Target Hit,2428.48,1
ROP,2025-05-07,574.29,568.14,586.6,201.26,568.14,Stopped Out,-1238.52,2
ROP,2025-05-16,582.88,577.77,593.1,239.85,577.77,Stopped Out,-1226.14,2
CRM,2025-01-28,359.95,354.88,370.1,239.21,354.88,Stopped Out,-1213.88,1
CRM,2025-02-05,347.93,342.63,358.54,226.58,342.63,Stopped Out,-1201.74,1
RSG,2025-01-16,211.92,210.49,214.78,831.03,214.78,Target Hit,2379.44,2
RSG,2025-04-10,240.23,236.82,247.04,356.32,247.04,Target Hit,2427.03,2
RSG,2025-05-16,247.79,245.5,252.37,541.02,252.37,Target Hit,2475.57,3
REG,2025-02-11,74.42,73.7,75.86,1758.77,73.7,Stopped Out,-1262.54,1
REG,2025-02-21,73.33,72.64,74.71,1817.12,74.71,Target Hit,2499.83,1
REG,2025-02-24,74.33,73.64,75.71,1841.99,75.71,Target Hit,2549.83,1
SOLV,2025-01-15,72.03,71.14,73.82,1455.47,73.82,Target Hit,2600.82,3
SOLV,2025-03-18,75.3,73.85,78.19,917.37,78.19,Target Hit,2652.84,2
SOLV,2025-03-19,76.31,74.84,79.24,922.05,74.84,Stopped Out,-1352.95,1
SOLV,2025-04-01,76.34,75.22,78.58,1194.77,75.22,Stopped Out,-1339.42,2
SOLV,2025-04-02,76.62,75.53,78.8,1214.95,75.53,Stopped Out,-1326.03,1
SW,2025-02-06,54.86,54.11,56.36,1744.95,54.11,Stopped Out,-1312.76,1
LUV,2025-01-10,33.12,32.71,33.93,3203.73,32.71,Stopped Out,-1299.64,1
NOW,2025-01-21,1096.85,1084.27,1122.01,102.27,1122.01,Target Hit,2573.28,1
SNA,2025-01-29,353.04,350.28,358.55,476.19,358.55,Target Hit,2624.75,1
SNA,2025-02-04,355.75,352.74,361.77,445.02,352.74,Stopped Out,-1338.62,1
SNA,2025-02-05,356.1,353.12,362.07,444.07,353.12,Stopped Out,-1325.24,1
STT,2025-01-21,99.0,97.82,101.35,1115.21,97.82,Stopped Out,-1311.98,1
STT,2025-01-27,100.24,98.98,102.75,1034.65,102.75,Target Hit,2597.73,3
TDY,2025-01-21,480.41,476.64,487.95,351.3,487.95,Target Hit,2649.68,1
TDY,2025-03-18,498.52,492.59,510.38,227.96,510.38,Target Hit,2702.67,5
TDY,2025-03-21,501.82,496.2,513.05,245.39,513.05,Target Hit,2756.73,2
TDY,2025-03-24,507.7,502.52,518.07,271.22,502.52,Stopped Out,-1405.93,3
TSLA,2025-01-28,398.09,387.78,418.71,135.02,387.78,Stopped Out,-1391.87,1
TSLA,2025-01-31,404.6,394.27,425.25,133.44,394.27,Stopped Out,-1377.95,1
TPL,2025-01-15,1374.99,1350.2,1424.58,55.02,1424.58,Target Hit,2728.35,3
TPL,2025-02-04,1357.26,1327.87,1416.04,47.34,1327.87,Stopped Out,-1391.46,2
TPL,2025-02-05,1394.32,1366.75,1449.47,49.96,1366.75,Stopped Out,-1377.54,1
TPL,2025-02-26,1351.47,1323.91,1406.58,49.49,1406.58,Target Hit,2727.53,2
TPL,2025-03-05,1369.13,1334.47,1438.44,40.14,1334.47,Stopped Out,-1391.04,1
TPL,2025-03-19,1384.99,1347.42,1460.13,36.66,1347.42,Stopped Out,-1377.13,2
TPL,2025-04-02,1391.43,1361.36,1451.56,45.34,1361.36,Stopped Out,-1363.36,1
TPL,2025-04-28,1350.38,1313.72,1423.7,36.82,1313.72,Stopped Out,-1349.73,2
TPL,2025-05-06,1334.14,1309.54,1383.33,54.33,1309.54,Stopped Out,-1336.23,2
TPL,2025-05-07,1343.38,1318.84,1392.45,53.92,1318.84,Stopped Out,-1322.87,1
SYK,2025-03-03,394.88,391.21,402.21,357.18,391.21,Stopped Out,-1309.64,1
SYF,2025-01-15,68.11,67.3,69.74,1591.91,67.3,Stopped Out,-1296.54,1
SYF,2025-01-30,69.47,68.53,71.35,1366.3,68.53,Stopped Out,-1283.58,2
TPR,2025-05-05,73.29,72.15,75.57,1115.14,72.15,Stopped Out,-1270.74,1
TJX,2025-01-23,122.6,121.63,124.54,1298.04,124.54,Target Hit,2516.07,2
TJX,2025-01-24,122.73,121.77,124.65,1334.95,124.65,Target Hit,2566.39,1
TJX,2025-01-27,124.9,123.91,126.88,1321.63,123.91,Stopped Out,-1308.86,1
TJX,2025-02-04,125.14,124.22,126.97,1415.0,124.22,Stopped Out,-1295.77,1
TJX,2025-05-27,127.96,126.7,130.48,1019.89,126.7,Stopped Out,-1282.81,1
TMUS,2025-04-15,266.71,262.24,275.64,284.38,262.24,Stopped Out,-1269.98,1
TKO,2025-04-25,157.1,153.77,163.76,377.79,163.76,Target Hit,2514.57,4
TTWO,2025-01-08,183.74,181.62,187.97,606.05,181.62,Stopped Out,-1282.43,1
TTWO,2025-01-27,187.87,185.55,192.52,546.23,185.55,Stopped Out,-1269.61,4
TTWO,2025-04-01,210.13,207.09,216.2,414.03,207.09,Stopped Out,-1256.91,1
TTWO,2025-04-23,213.3,208.84,222.21,279.27,222.21,Target Hit,2488.68,1
TTWO,2025-05-05,225.32,221.46,233.03,329.14,221.46,Stopped Out,-1269.23,5
TRGP,2025-01-08,191.98,189.73,196.48,558.99,196.48,Target Hit,2513.07,1
TRGP,2025-03-20,199.52,195.94,206.69,357.74,206.69,Target Hit,2563.33,3
TRGP,2025-04-01,203.07,200.14,208.93,446.1,200.14,Stopped Out,-1307.3,1
TRGP,2025-04-02,205.72,202.79,211.58,441.46,202.79,Stopped Out,-1294.23,1
TRV,2025-04-17,255.86,251.39,264.8,286.67,251.39,Stopped Out,-1281.28,1
TYL,2025-01-28,619.85,613.1,633.35,187.86,613.1,Stopped Out,-1268.47,1
TYL,2025-02-03,603.01,595.76,617.52,173.15,617.52,Target Hit,2511.57,4
TYL,2025-02-04,608.08,600.78,622.67,175.54,600.78,Stopped Out,-1280.9,6
TFC,2025-02-28,46.35,45.87,47.31,2633.47,45.87,Stopped Out,-1268.09,1
TRMB,2025-02-04,74.35,73.6,75.85,1675.54,73.6,Stopped Out,-1255.41,6
TRMB,2025-02-14,74.29,73.62,75.62,1868.96,75.62,Target Hit,2485.72,2
TRMB,2025-02-18,75.14,74.48,76.45,1932.28,76.45,Target Hit,2535.43,1
VRSN,2025-04-09,244.63,241.08,251.72,364.59,241.08,Stopped Out,-1293.07,1
VRSN,2025-04-11,247.13,243.29,254.81,333.23,243.29,Stopped Out,-1280.14,5
VRSN,2025-04-22,248.08,244.04,256.16,313.68,256.16,Target Hit,2534.67,3
VRSK,2025-01-30,288.08,285.21,293.82,450.63,285.21,Stopped Out,-1292.68,2
VRSK,2025-03-13,289.5,285.36,297.78,308.95,285.36,Stopped Out,-1279.76,6
VRSK,2025-03-17,291.01,286.92,299.19,309.88,286.92,Stopped Out,-1266.96,1
VRSK,2025-03-19,289.74,286.89,295.45,439.36,286.89,Stopped Out,-1254.29,1
VRSK,2025-03-27,296.89,294.32,302.02,484.0,294.32,Stopped Out,-1241.75,1
VRSK,2025-04-30,296.43,292.76,303.77,335.08,292.76,Stopped Out,-1229.33,1
VRSK,2025-05-05,294.75,291.43,301.38,366.95,301.38,Target Hit,2434.07,2
VRSK,2025-05-06,296.19,292.8,302.97,365.93,302.97,Target Hit,2482.75,1
WRB,2025-02-05,60.85,60.24,62.08,2063.67,60.24,Stopped Out,-1266.2,8
WAB,2025-01-21,205.65,203.55,209.86,595.54,209.86,Target Hit,2507.08,3
WBA,2025-04-14,10.91,10.78,11.17,9768.39,11.17,Target Hit,2557.23,17
WBA,2025-04-22,10.99,10.85,11.27,9411.65,11.27,Target Hit,2608.37,14
WBA,2025-05-05,11.0,10.95,11.1,27796.67,10.95,Stopped Out,-1330.27,1
WBA,2025-05-08,11.16,11.11,11.25,27935.65,11.25,Target Hit,2633.93,2
V,2025-03-25,344.62,341.03,351.79,374.54,341.03,Stopped Out,-1343.31,4
V,2025-04-30,345.5,340.96,354.58,292.99,340.96,Stopped Out,-1329.87,1
WAT,2025-01-10,380.35,376.13,388.8,311.76,388.8,Target Hit,2633.15,1
WAT,2025-01-13,399.87,395.18,409.25,286.42,395.18,Stopped Out,-1342.91,2
WFC,2025-02-26,76.45,75.53,78.28,1452.42,78.28,Target Hit,2658.95,2
WELL,2025-01-24,136.75,135.37,139.51,983.08,139.51,Target Hit,2712.13,2
WELL,2025-05-19,150.65,149.08,153.79,880.79,149.08,Stopped Out,-1383.19,2
WELL,2025-05-20,151.22,149.71,154.24,906.25,149.71,Stopped Out,-1369.36,1
WELL,2025-05-27,152.47,150.89,155.62,860.41,150.89,Stopped Out,-1355.66,1
WST,2025-01-16,337.2,332.85,345.89,308.79,345.89,Target Hit,2684.21,3
WST,2025-02-05,335.14,331.07,343.29,335.98,331.07,Stopped Out,-1368.95,1
WMB,2025-01-08,56.39,55.81,57.55,2334.06,55.81,Stopped Out,-1355.26,1
WMB,2025-01-13,56.03,55.47,57.14,2407.57,57.14,Target Hit,2683.41,1
WMB,2025-01-14,58.06,57.47,59.25,2302.28,59.25,Target Hit,2737.08,1
WMB,2025-02-26,56.9,55.98,58.75,1510.29,55.98,Stopped Out,-1395.91,1
WMB,2025-02-28,58.18,57.22,60.1,1437.54,57.22,Stopped Out,-1381.95,1
WMB,2025-03-17,58.39,57.5,60.17,1535.93,60.17,Target Hit,2736.26,5
WMB,2025-04-15,58.54,57.2,61.23,1039.19,57.2,Stopped Out,-1395.49,3
WMB,2025-05-01,58.8,57.92,60.55,1577.63,57.92,Stopped Out,-1381.54,3
WMB,2025-05-14,58.2,57.39,59.82,1686.41,57.39,Stopped Out,-1367.72,6
WMB,2025-05-15,58.77,57.96,60.39,1676.26,57.96,Stopped Out,-1354.05,4
WMB,2025-05-20,58.77,58.03,60.25,1808.09,58.03,Stopped Out,-1340.51,1
WTW,2025-02-13,322.28,318.4,330.05,341.78,330.05,Target Hit,2654.2,6
WTW,2025-03-17,328.33,325.02,334.95,409.13,334.95,Target Hit,2707.29,1
WBD,2025-02-19,10.89,10.71,11.25,7693.23,10.71,Stopped Out,-1380.72,2
VZ,2025-05-19,44.31,43.92,45.1,3471.39,43.92,Stopped Out,-1366.91,2
WDAY,2025-01-28,270.43,267.11,277.08,407.29,267.11,Stopped Out,-1353.24,1
DIS,2025-01-27,113.34,112.24,115.55,1214.61,112.24,Stopped Out,-1339.71,1
WM,2025-04-14,232.3,228.95,239.01,395.43,228.95,Stopped Out,-1326.31,2
WM,2025-04-30,233.36,230.76,238.56,505.1,230.76,Stopped Out,-1313.05,1
WM,2025-05-01,233.4,230.9,238.41,518.98,230.9,Stopped Out,-1299.92,7
WM,2025-05-19,231.95,229.77,236.32,589.2,236.32,Target Hit,2573.83,4
XEL,2025-02-14,68.61,67.98,69.88,2069.51,69.88,Target Hit,2625.31,4
XEL,2025-03-07,68.0,67.33,69.33,2010.8,69.33,Target Hit,2677.82,1
XEL,2025-03-10,69.35,68.65,70.75,1945.13,68.65,Stopped Out,-1365.69,1
XEL,2025-03-27,69.32,68.66,70.63,2063.95,70.63,Target Hit,2704.06,2
XEL,2025-04-14,70.73,69.63,72.93,1254.87,69.63,Stopped Out,-1379.07,2
XEL,2025-04-23,71.55,70.3,74.05,1091.91,70.3,Stopped Out,-1365.28,1
XEL,2025-04-30,70.7,69.72,72.67,1373.64,69.72,Stopped Out,-1351.63,8
XEL,2025-05-16,72.38,71.61,73.93,1731.38,71.61,Stopped Out,-1338.11,1
WEC,2025-01-17,99.03,98.21,100.66,1621.53,100.66,Target Hit,2649.46,1
WEC,2025-01-27,100.88,99.91,102.82,1393.02,99.91,Stopped Out,-1351.22,1
WEC,2025-02-05,100.89,99.78,103.12,1202.43,103.12,Target Hit,2675.42,6
WEC,2025-04-11,106.96,105.5,109.87,936.6,109.87,Target Hit,2728.93,4
WEC,2025-04-14,108.48,107.02,111.39,955.62,107.02,Stopped Out,-1391.76,4
WEC,2025-05-20,107.57,106.6,109.51,1422.08,106.6,Stopped Out,-1377.84,1
ZBRA,2025-01-08,397.0,392.48,406.04,301.66,392.48,Stopped Out,-1364.06,1
ZBRA,2025-01-28,405.59,400.36,416.05,258.23,400.36,Stopped Out,-1350.42,1
VMC,2025-01-24,277.54,274.91,282.81,507.38,274.91,Stopped Out,-1336.91,1
VMC,2025-02-05,274.33,272.12,278.76,598.19,272.12,Stopped Out,-1323.55,3
VMC,2025-02-06,277.21,274.96,281.72,581.65,274.96,Stopped Out,-1310.31,1

Summary:
Total PnL: 29720.69
Number of Trades: 586
Win Rate: 35.15%
Average PnL: 50.72
Average Bars Held: 2.24
Final Portfolio Value: 129720.69
% Change: 29.72%
